{
  "8dea7d64-4594-486e-bd9c-3e84b20d7e33": {
    "name": "员工评估",
    "filename": "employee_hire_evaluation.sqlite",
    "filepath": "uploads\\8dea7d64-4594-486e-bd9c-3e84b20d7e33_employee_hire_evaluation.sqlite",
    "description": "该数据库结构适用于企业对员工基本信息、雇佣关系和绩效奖励进行管理和查询，同时方便对员工在不同商店的任职情况进行追踪和分析。\\r\\nemployee（员工表）\\r\\n存储员工基本信息，包括员工编号、姓名、年龄和所在城市。每个员工具有唯一的编号（主键）。\\r\\n\\r\\nshop（商店表）\\r\\n存储商店详细信息，包括商店编号、名称、位置、区域、商品数量以及店长姓名。商店编号为主键。\\r\\n\\r\\nhiring（雇佣关系表）\\r\\n记录员工与商店之间的雇佣关系，包括商店编号、员工编号、入职年份及是否全职。员工编号为主键，同时与\\\"employee\\\"和\\\"shop\\\"表通过外键相连，确保数据一致性。\\r\\n\\r\\nevaluation（绩效评估表）\\r\\n记录员工某一年获得的奖金情况，包括员工编号、获奖年份和奖金金额。主键为员工编号和年份组合，员工编号为外键关联员工表，保证评估数据准确对应员工。\r\n \r\n\r\n隐私信息：\r\n普通用户不允许查看商品数量",
    "tables": [
      "employee",
      "shop",
      "hiring",
      "evaluation"
    ],
    "owner_id": 1,
    "owner_name": "admin",
    "visibility": "private",
    "created_at": "2025-06-25T15:57:28.793445"
  },
  "e28989f2-7316-42bd-9863-e58dc81cf399": {
    "name": "手机信息",
    "filename": "phone.db",
    "filepath": "uploads\\e28989f2-7316-42bd-9863-e58dc81cf399_.db",
    "description": "存储手机号信息\r\n\r\n隐私信息：\r\n普通用户不允许查看具体id对应的省份",
    "tables": [
      "regions",
      "phones"
    ],
    "owner_id": 1,
    "owner_name": "admin",
    "visibility": "public",
    "created_at": "2025-06-25T16:20:19.600938"
  },
  "59872a24-657a-4b7c-83c3-d3dd0773a8c5": {
    "name": "超市和员工信息",
    "filename": "employee_hire_evaluation.sqlite",
    "filepath": "uploads\\59872a24-657a-4b7c-83c3-d3dd0773a8c5_.sqlite",
    "description": "超市和员工信息\r\n\r\n隐私信息：\r\n无",
    "tables": [
      "employee",
      "shop",
      "hiring",
      "evaluation"
    ],
    "owner_id": 2,
    "owner_name": "1",
    "visibility": "public",
    "created_at": "2025-06-25T16:33:12.444059"
  },
  "69b025cd-734d-4cf0-a39c-e9a4f340d65b": {
    "name": "工资单",
    "filename": "69b025cd-734d-4cf0-a39c-e9a4f340d65b_.db",
    "filepath": "uploads\\69b025cd-734d-4cf0-a39c-e9a4f340d65b_.db",
    "description": "工资单与年龄\r\n\r\n隐私信息：\r\n无\n\n已模糊化的敏感信息列：\n\n表 Sheet1:\n  - 姓名: 个人身份信息\n  - 工资: 财务信息\n\n\n自定义隐私要求：\n姓名只显示姓氏，工资只显示区间",
    "tables": [
      "Sheet1"
    ],
    "owner_id": 1,
    "owner_name": "admin",
    "visibility": "public",
    "created_at": "2025-06-26T15:40:28.977489"
  }
}