{
  "8878de22-c20f-468d-92da-2f5ee031c57d": {
    "name": "手机号信息",
    "filename": "phone.db",
    "filepath": "uploads\\8878de22-c20f-468d-92da-2f5ee031c57d_phone.db",
    "description": "手机号信息\r\n\r\n隐私信息：\r\n具体id的省份是隐私的",
    "tables": [
      "regions",
      "phones"
    ]
  },
  "b20ca58d-9f0f-41d1-8392-afd78bdc86fc": {
    "name": "员工评估",
    "filename": "employee_hire_evaluation.sqlite",
    "filepath": "uploads\\b20ca58d-9f0f-41d1-8392-afd78bdc86fc_employee_hire_evaluation.sqlite",
    "description": "该数据库结构适用于企业对员工基本信息、雇佣关系和绩效奖励进行管理和查询，同时方便对员工在不同商店的任职情况进行追踪和分析。\r\nemployee（员工表）\r\n存储员工基本信息，包括员工编号、姓名、年龄和所在城市。每个员工具有唯一的编号（主键）。\r\n\r\nshop（商店表）\r\n存储商店详细信息，包括商店编号、名称、位置、区域、商品数量以及店长姓名。商店编号为主键。\r\n\r\nhiring（雇佣关系表）\r\n记录员工与商店之间的雇佣关系，包括商店编号、员工编号、入职年份及是否全职。员工编号为主键，同时与\"employee\"和\"shop\"表通过外键相连，确保数据一致性。\r\n\r\nevaluation（绩效评估表）\r\n记录员工某一年获得的奖金情况，包括员工编号、获奖年份和奖金金额。主键为员工编号和年份组合，员工编号为外键关联员工表，保证评估数据准确对应员工。\r\n\r\n\r\n\r\n隐私信息：\r\n当前用户不允许查看商品数量",
    "tables": [
      "employee",
      "shop",
      "hiring",
      "evaluation"
    ]
  }
}